ORYME05692	AF-A0A834BQF8-F1-model_v4	1.000	80	0	MSVEEQSYTDAALLLEAGPEWLRAEIERLSRELTETTNEKIQAAEYGLVVLEEKQQLKQQYDDLEIEYDAVRQELDQVKE	MSVEEQSYTDAALLLEAGPEWLRAEIERLSRELTETTNEKIQAAEYGLVVLEEKQQLKQQYDDLEIEYDAVRQELDQVKEAFGQAYSNHKKVAADGESREESLIQESACKEAYYEQRVLDLQTEIRQTRNILTNTQSENERLGVIFQDMKDNCEMVELQRNQLRDDIKEYKFRESRLLQDYTELEEENISLQKQVSVLKQSQVEFEGLKHEIRRLEEDTQFLNSQLEDAIRLKEIAERQLGEALETIKTERELKASLRKELSNYMNIGDSLYHSPLSISLDGLKFSDDTATEPNNDEALHGYENSFAKLANEIADDNRISSPKKEELFCPVPSLVDDLLSELNISEIQKLKQQLMQSAAGM	1	80	1	80	1.310E-39	150	1.000	0.222
ORYME05692	AF-A0A3B3D8U6-F1-model_v4	1.000	80	0	MSVEEQSYTDAALLLEAGPEWLRAEIERLSRELTETTNEKIQAAEYGLVVLEEKQQLKQQYDDLEIEYDAVRQELDQVKE	MSVEEQSYTDAALLLEAGPEWLRAEIERLSRELTETTNEKIQAAEYGLVVLEEKQQLKQQYDDLEIEYDAVRQELDQVKEAFGQAYSNHKKVAADGESREESLIQESACKEAYYEQRVLDLQTEIRQTRNILTNTQSENERLGVIFQDMKDNCEMVELQRNQLRDDIKEYKFRESRLLQDYTELEEENISLQKQVSVLKQSQVEFEGLKHEIRRLEEDTQFLNSQLEDAIRLKEIAERQLGEALETIKTERELKASLRKELSNYMNIGDSLYHSPLSISLDGLKFSDDTATEPNNDEALHGYENSFAKLANEIADDNRISSPKKEELFCPVPSLVDDLLSELNISEIQKLKQQLMQMEREKVNLLSNLQDSQKQLEQANGALSEHQEKVNRLTENLNAIRKLQASKERQSALDNEKERDSHEDGDYYEVDINGPEILECKYKVAVSEAGELKEELKTLKAEYQTCQSRYDEERTRLENDVTTLGEKLASLEKSSQIDREEKAKLEKELRKLSDVAGESQGSLSVAQDELVTFCEELATLYNHVCMCNNETPNRVMLDFYKEGKGGRSSPEGRGRRSPILLTRGLFPEPGKADLSDGTPSPVSSHPSPVSDHRREPMNIYNLVAIIRDQIRHLQLAVDRTTELSRQRVASLELGSVADKDKEACMEEILKLKSLLSTKREQIATLRTVLKANKQTAEVALANLKSKYENEKAMVTETMMKLRNELKALKEDAATFSSLRAMFATRCDEYVTQLEEMQRQLAAAEDEKKTLNSLLRMAIQQKLALTQRLEDLEFDHEQTRRGGNSGRAKARKAAQSAASNPH	1	80	1	80	1.310E-39	150	1.000	0.098
ORYME05692	AF-A0A834FCN2-F1-model_v4	1.000	80	0	MSVEEQSYTDAALLLEAGPEWLRAEIERLSRELTETTNEKIQAAEYGLVVLEEKQQLKQQYDDLEIEYDAVRQELDQVKE	MSVEEQSYTDAALLLEAGPEWLRAEIERLSRELTETTNEKIQAAEYGLVVLEEKQQLKQQYDDLEIEYDAVRQELDQVKEAFGQAYSNHKKVAADGESREESLIQESACKEAYYEQRVLDLQTEIRQTRNILTNTQSENERLGVIFQDMKDNCEMVELQRNQLRDDIKEYKFRESRLLQDYTELEEENISLQKQVSVLKQSQVEFEGLKHEIRRLEEDTQFLNSQLEDAIRLKEIAERQLGEALETIKTERELKASLRKELSNYMNIGDSLYHSPLSISLDGLKFSDDTATEPNNDEALHGYENSFAKLANEIADDNRISSPKKEELFCPVPSLVDDLLSELNISEIQKLKQQLMQMEREKVNLLSNLQDSQKQLEQANGALSEHQEKVNRLTENLNAIRKLQASKERQSALDNEKERDSHEDGDYYEVDINGPEILECKYKVAVSEAGELKEELKTLKAEYQTCQSRYDEERTRLENDVTTLGEKLASLEKSSQIDREEKAKLEKELRKLSDVAGESQGSLSVAQDELVTFCEELATLYNHVCMCNNETPNRVMLDFYKEGKGGRSSPEGRGRRSPILLTRGLFPEPGKADLSDGTPSPVSSHPSPVSDHRREPMNIYNLVAIIRDQIKHLQLAVDRTTELSRQRVASLELGSVADKDKEACMEEILKLKSLLSTKREQIATLRTVLKANKQTAEVALANLKSKYENEKAMVTETMMKLRNELKALKEDAATFSSLRAMFATRCDEYVTQLEEMQRQLAAAEDEKKTLNSLLRMAIQQKLALTQRLEDLEFDHEQTRRGGNSGRAKARKAAQSAASNPHVSQSLTCSGLGRPELNNVMPNGILGGPVVFCSEKYKIYCD	1	80	1	80	1.310E-39	150	1.000	0.093
ORYME05692	AF-H2M6F0-F1-model_v4	0.950	80	4	MSVEEQSYTDAALLLEAGPEWLRAEIERLSRELTETTNEKIQAAEYGLVVLEEKQQLKQQYDDLEIEYDAVRQELDQVKE	MSVDEQGYTDAMLLLEAGPEWLRAEIERLSRELTETTNEKIQAAEYGLAVLEEKQQLKQQYDDLEIEYDAVRQELDQVKEAFGQAHSNHKKVAADGESREESLIQESACKEAYYEQRVLDLQTEIRQTRNILTNTQSENERLGVIFQDMKDNCEMVELQRNQLRDDIKEYKFRESRLLQDYTELEEENISLQKQVSVLKQSQVEFEGLKHEIRRLEEDTQFLNSQLEDAIRLKEIAERQLGEALETIKTERELKASLRKELSHYMTIGDSLYHSPLSISLDGLKFSDDTATEPNNDEGLHGYENSFTKLANEIAEDNRVFTPKKEELFCPVPSLVDDLLSELNISEIQKLKQQLMQMEREKVNLLSNLQDSQKQLEQANGALSEHQEKVNRLTENLNAIRKLQASKERQSALDNEKERDSHEDGDYYEVDINGPEILECKYKVAVSEAGELKEELKTLKAEYQSCQSRYDEERIRLENDVTTLGEKLATLEKTSQIDREEKAKLEKELRKLSDVAGESQGSLSVAQDELVTFSEELATLYNHVCMCNNETPNRVMLDFYKEGKGGRSSPEGRGRRSPILLTRGLFPEPGKADLSDGAPSPVSSQPSPVSDHRREPMNIYNLVAIIRDQIKHLQLAVDRTTELSRQRVASLELGSVADKDKEACMEEILKLKSLLSTKREQIATLRTVLKANKQTAEIALSNLKSKYENEKAMVTETMMKLRNELKALKEDAATFSSLRAMFATRCDEYVTQLEEMQRQLAAAEDEKKTLNSLLRMAIQQKLALTQRLEDLEFDHEQTRRGGNSSRAKARRAASSTTTNPHIVSSLPHHSPFNYKEELRG	1	80	1	80	2.075E-37	143	1.000	0.095
ORYME05692	AF-A0A3P9MKF1-F1-model_v4	0.937	80	5	MSVEEQSYTDAALLLEAGPEWLRAEIERLSRELTETTNEKIQAAEYGLVVLEEKQQLKQQYDDLEIEYDAVRQELDQVKE	MSVDEQGYSDAMLLLEAGPEWLRAEIERLSRELTETTNEKIQAAEYGLAVLEEKQQLKQQYDDLEIEYDAVRQELDQVKEAFGQAHSNHKKVAADGESREESLIQESACKEAYYEQRVLDLQTEIRQTRNILTNTQSENERLGVIFQDMKDNCEMVELQRNQLRDDIKEYKFRESRLLQDYTELEEENISLQKQVSVLKQSQVEFEGLKHEIRRLEEDTQFLNSQLEDAIRLKEIAERQLGEALETIKTERELKASLRKELSHYMTIGDSLYHSPLSISLDGLKFSDDTATEPNNDEGLHGYENSFTKLANEIAEDNRVFTPKKEELFCPVPSLVDDLLSELNISEIQKLKQQLMQMEREKVNLLSNLQDSQKQLEQANGALSEHQEKVNRLTENLNAIRKLQASKERQSALDNEKERDSHEDGDYYEVDINGPEILECKYKVAVSEAGELKEELKTLKAEYQSCQSRYDEERIRLENDVTTLGEKLATLEKTSHIDREEKAKLEKELRKLSDVAGESQGSLSVAQDELVTFSEELATLYNHVCMCNNETPNRVMLDFYKEGKGGRCSPEGRGRRSPILLTRGLFPEPGKADLNDGAPSPVSSQPSPVSDHRREPMNIYNLVAIIRDQIKHLQLAVDRTTELSRQRVASLELGSVADKDKEACMEEILKLKSLLSTKREQIATLRTVLKANKQTAEIALSNLKSKYENEKAMVTETMMKLRNELKALKEDAATFSSLRAMFATRCDEYVTQLEEMQRQLAAAEDEKKTLNSLLRMAIQQKLALTQRLEDLEFDHEQTRRGGNSSRAKARRAASSTTTNPH	1	80	1	80	7.363E-37	142	1.000	0.098
ORYME05692	AF-A0A3P9LCK6-F1-model_v4	0.937	80	5	MSVEEQSYTDAALLLEAGPEWLRAEIERLSRELTETTNEKIQAAEYGLVVLEEKQQLKQQYDDLEIEYDAVRQELDQVKE	MSVDEQGYSDAMLLLEAGPEWLRAEIERLSRELTETTNEKIQAAEYGLAVLEEKQQLKQQYDDLEIEYDAVRQELDQVKEAFGQAHSNHKKVAADGESREESLIQESACKEAYYEQRVLDLQTEIRQTRNILTNTQSENERLGVIFQDMKDNCEMVELQRNQLRDDIKEYKFRESRLLQDYTELEEENISLQKQVSVLKQSQVEFEGLKHEIRRLEEDTQFLNSQLEDAIRLKEIAERQLGEALETIKTERELKASLRKELSHYMTIGDSLYHSISLDGLKFSDDTATEPNNDEGLHGYENSFTKLANEIAEDNRVFTPKKEELFCPVPSLVDDLLSELNISEIQKLKQQLMQMEREKVNLLSNLQDSQKQLEQANGALSEHQEKVNRLTENLNAIRKLQASKERQSALDNEKERDSHEDGDYYEVDINGPEILECKYKVAVSEAGELKEELKTLKAEYQSCQSRYDEERIRLENDVTTLGEKLATLEKTSHIDREEKAKLEKELRKLSDVAGESQGSLSVAQDELVTFSEELATLYNHVCMCNNETPNRVMLDFYKEGKGGRCSPEGRGRRSPILLTRGLFPEPGKADLNDGAPSPVSSQPSPVSDHRREPMNIYNLVAIIRDQIKHLQLAVDRTTELSRQRVASLELGSVADKDKEACMEEILKLKSLLSTKREQIATLRTVLKANKQTAEIALSNLKSKYENEKAMVTETMMKLRNELKALKEDAATFSSLRAMFATRCDEYVTQLEEMQRQLAAAEDEKKTLNSLLRMAIQQKLALTQRLEDLEFDHEQTRRGGNSSRAKARVDFRIRFSSCDASTPIQ	1	80	1	80	7.363E-37	142	1.000	0.097
ORYME05692	AF-A0A3P9LCW2-F1-model_v4	0.937	80	5	MSVEEQSYTDAALLLEAGPEWLRAEIERLSRELTETTNEKIQAAEYGLVVLEEKQQLKQQYDDLEIEYDAVRQELDQVKE	MSVDEQGYSDAMLLLEAGPEWLRAEIERLSRELTETTNEKIQAAEYGLAVLEEKQQLKQQYDDLEIEYDAVRQELDQVKEAFGQAHSNHKKVAADGESREESLIQESACKEAYYEQRVLDLQTEIRQTRNILTNTQSENERLGVIFQDMKDNCEMVELQRNQLRDDIKEYKFRESRLLQDYTELEEENISLQKQVSVLKQSQVEFEGLKHEIRRLEEDTQFLNSQLEDAIRLKEIAERQLGEALETIKTERELKASLRKELSHYMTIGDSLYHSPLSISLDGLKFSDDTATEPNNDEGLHGYENSFTKLANEIAEDNRVFTPKKEELFCPVPSLVDDLLSELNISEIQKLKQQLMQMEREKVNLLSNLQDSQKQLEQANGALSEHQEKVNRLTENLNAIRKLQASKERQSALDNEKERDSHEDGDYYEVDINGPEILECKYKVAVSEAGELKEELKTLKAEYQSCQSRYDEERIRLENDVTTLGEKLATLEKTSHIDREEKAKLEKELRKLSDVAGESQGSLSVAQDELVTFSEELATLYNHVCMCNNETPNRVMLDFYKEGKGGRCSPEGRGRRSPILLTRGLFPEPGKADLNDGAPSPVSSQPSPVSDHRREPMNIYNLVAIIRDQIKHLQLAVDRTTELSRQRVASLELGSVADKDKEACMEEILKLKSLLSTKREQIATLRTVLKANKQTAEIALSNLKSKYENEKAMVTETMMKLRNELKALKEDAATFSSLRAMFATRCDEYVTQLEEMQRQLAAAEDEKKTLNSLLRMAIQQKLALTQRLEDLEFDHEQTRRGGNSSRAKARRAASSTTTNPHIVSSLPHHSPFNYKEELRG	1	80	1	80	7.363E-37	142	1.000	0.095
ORYME05692	AF-A0A3P9JEP4-F1-model_v4	0.937	80	5	MSVEEQSYTDAALLLEAGPEWLRAEIERLSRELTETTNEKIQAAEYGLVVLEEKQQLKQQYDDLEIEYDAVRQELDQVKE	MSVDEQGCTDAMLLLEAGPEWLRAEIERLSRELTETTNEKIQAAEYGLAVLEEKQQLKQQYDDLEIEYDAVRQELDQVKEAFGQAHSNHKKVAADGESREESLIQESACKEAYYEQRVLDLQTEIRQTRNILTNTQSENERLGVIFQDMKDNYEMVELQRNQLRDDIKEYKFRESRLLQDYTELEEENISLQKQVSVLKQSQVEFEGLKHEIRRLEEDTQFLNSQLEDAIRLKEIAERQLGEALETIKTERELKASLRKELSHYMTIGDSLYHSISLDGLKFSDDTATEPNNDEGLHGYENSFTKLANEIADDNRIFTPKKEELFCPVPSLVDDLLSELNISEIQKLKQQLMQMEREKVNLLSNLQDSQKQLEQANGALSEHQEKVNRLTENLNAIRKLQASKERQSALDNEKERDSHEDGDYYEVDINGPEILECKYKVAVSEAGELKEELKTLKAEYQSCQSRYDEERIRLENDVTTLGEKLATLEKTSQIDREEKAKLEKELRKLSDVAGESQGSLSVAQDELVTFSEELATLYNHVCMCNNETPNRVMLDFYKEGKGGRSSPEGRGRRSPILLTRGLFPEPGKADLSDGAHSPVSSQPSPVSDHRREPMNIYNLVAIIRDQIKHLQLAVDRTTELSRQRVASLELGSVADKDKEACMEEILKLKSLLSTKREQIATLRTVLKANKQTAEIALSNLKSKYENEKAMVTETMMKLRNELKALKEDAATFSSLRAMFATRCDEYVTQLEEMQRQLAAAEDEKKTLNSLLRMAIQQKLALTQRLEDLEFDHEQTRRGGNSTRAKARVDFRIRFSSCDASTPIQLSQ	1	80	1	80	3.586E-36	140	1.000	0.097
ORYME05692	AF-A0A3P9I1D9-F1-model_v4	0.937	80	5	MSVEEQSYTDAALLLEAGPEWLRAEIERLSRELTETTNEKIQAAEYGLVVLEEKQQLKQQYDDLEIEYDAVRQELDQVKE	MSVDEQGCTDAMLLLEAGPEWLRAEIERLSRELTETTNEKIQAAEYGLAVLEEKQQLKQQYDDLEIEYDAVRQELDQVKEAFGQAHSNHKKVAADGESREESLIQESACKEAYYEQRVLDLQTEIRQTRNILTNTQSENERLGVIFQDMKDNYEMVELQRNQLRDDIKEYKFRESRLLQDYTELEEENISLQKQVSVLKQSQVEFEGLKHEIRRLEEDTQFLNSQLEDAIRLKEIAERQLGEALETIKTERELKASLRKELSHYMTIGDSLYHSPLSISLDGLKFSDDTATEPNNDEGLHGYENSFTKLANEIADDNRIFTPKKEELFCPVPSLVDDLLSELNISEIQKLKQQLMQMEREKVNLLSNLQDSQKQLEQANGALSEHQEKVNRLTENLNAIRKLQASKERQSALDNEKERDSHEDGDYYEVDINGPEILECKYKVAVSEAGELKEELKTLKAEYQSCQSRYDEERIRLENDVTTLGEKLATLEKTSQIDREEKAKLEKELRKLSDVAGESQGSLSVAQDELVTFSEELATLYNHVCMCNNETPNRVMLDFYKEGKGGRSSPEGRGRRSPILLTRGLFPEPGKADLSDGAHSPVSSQPSPVSDHRREPMNIYNLVAIIRDQIKHLQLAVDRTTELSRQRVASLELGSVADKDKEACMEEILKLKSLLSTKREQIATLRTVLKANKQTAEIALSNLKSKYENEKAMVTETMMKLRNELKALKEDAATFSSLRAMFATRCDEYVTQLEEMQRQLAAAEDEKKTLNSLLRMAIQQKLALTQRLEDLEFDHEQTRRGGNSTRAKARRATSSTTTNPHIVSSLPHHSPFNYKEELRG	1	80	1	80	3.586E-36	140	1.000	0.095
ORYME05692	AF-A0A3P8TB97-F1-model_v4	0.912	80	7	MSVEEQSYTDAALLLEAGPEWLRAEIERLSRELTETTNEKIQAAEYGLVVLEEKQQLKQQYDDLEIEYDAVRQELDQVKE	MSVEEQGYPDAALLLEAGPEWLRAEIERLSRELSETTNEKIQAAEYGLAVLEEKQQLKQQYDDLEIEYEAVRQELDQLKDAFGQAYSNHRKVAADGESREESLIQESACKEAYYEQRVLELQTDLRQTRNILANTQSENERLNTISQDMRENSQMVELQRNQLRDDIKEYKFRETRLLQDYTELEEENISLQKQVSVLKQSQVEFEGLKHEIRRLEEDTQFLNSQLEDAIRLKEIADRQLSEALETIKTERELKASLRKELSHYMSIGDTLYHSPLSISLDGLKFSDDAATEPNNDEALHGYENGFTKLANAIADDDNRISTPKKEDLFRPAPSLVDDLLSELNISEIQKLKQQLMQMEREKVNLLSTLQDSQKQLEQANGALCEHQEKVNRLTENLNAIRKLQASKERQSALDNEKERDSHEDGDYYEVDINGPEILECKYKVAVSEAGELKEELKTLKAEYQTCQSRYEEERNRLENDVTTLGEKLATLEKTSYVEREEKAKLEKELRKLSDVAGESQGSLSVAQDELVTFSEELATLYNHVCMCNNETPNRVMLDFYKEGKGGRSSPEGRGRRSPILLTKGLFPEPGRTDLSDGAPSPVSSLPSPVSDHRREPMNIYNLVAIIRDQIKHLQLAVDRTTELSRQRVASLELGTVADKDKEACMEEILKLKSLLSTKREQIATLRTVLKANKQTAEVALANLKSKYENEKAMVTETMMKLRNELKALKEDAATFSSLRAMFATRCDEYVTQLDEMQRQLAAAEDEKKTLNSLLRMAIQQKLALTQRLEDLEFDHEQTRRGGTAGRAKTRSKAASSTTNNPH	1	80	1	80	9.271E-36	139	1.000	0.097
ORYME05692	AF-A0A3Q1B1T4-F1-model_v4	0.912	80	7	MSVEEQSYTDAALLLEAGPEWLRAEIERLSRELTETTNEKIQAAEYGLVVLEEKQQLKQQYDDLEIEYDAVRQELDQVKE	MSVEEQGYPDAALLLEAGPEWLRAEIERLSRELSETTNEKIQAAEYGLAVLEEKQQLKQQYDDLEIEYEAVRQELDQLKDAFGQAYSNHRKVAADGESREESLIQESACKEAYYEQRVLELQTDLRQTRNILANTQSENERLNTISQDMRENSQMVELQRNQLRDDIKEYKFRETRLLQDYTELEEENISLQKQVSVLKQSQVEFEGLKHEIRRLEEDTQFLNSQLEDAIRLKEIADRQLSEALETIKTERELKASLRKELSHYMSIGDTLYHSPLSISLDGLKFSDDAATEPNNDEALHGYENGFTKLANAIADDDNRISTPKKEDLFRPAPSLVDDLLSELNISEIQKLKQQLMQMEREKVNLLSTLQDSQKQLEQANGALCEHQEKVNRLTENLNAIRKLQASKERQSALDNEKERDSHEDGDYYEVDINGPEILECKYKVAVSEAGELKEELKTLKAEYQTCQSRYEEERNRLENDVTTLGEKLATLEKTSYVEREEKAKLEKELRKLSDVAGESQGSLSVAQDELVTFSEELATLYNHVCMCNNETPNRVMLDFYKEGKGGRSSPEGRGRRSPILLTKGLFPEPGRTDLSDGAPSPVSSLPSPVSDHRREPMNIYNLVAIIRDQIKHLQLAVDRTTELSRQRVASLELGTVADKDKEACMEEILKLKSLLSTKREQIATLRTVLKANKQTAEVALANLKSKYENEKAMVTETMMKLRNELKALKEDAATFSSLRAMFATRCDEYVTQLDEMQRQLAAAEDEKKTLNSLLRMAIQQKLALTQRLEDLEFDHEQTRRGGTAGRAKTRSKAASSTTNNPHVSQSLTCSGSGRPEHNNAMPNGILGGPVVFCSEKYKIYCD	1	80	1	80	9.271E-36	139	1.000	0.093
ORYME05692	AF-A0A3Q1EYF7-F1-model_v4	0.900	80	8	MSVEEQSYTDAALLLEAGPEWLRAEIERLSRELTETTNEKIQAAEYGLVVLEEKQQLKQQYDDLEIEYDAVRQELDQVKE	MSVEEQGYPDAALLLEAGPEWLRAEIERLSRELSETTNEKIQAAEYGLAVLEEKQQLKQQYDDLEIDYEAVRQELDQLKDAFGQAYSNHRKVAADGESREESLIQESACKEAYYEQRVLELQTELRQTRNNLANTQSENERLNTISQDMRENSQVVELQRNQLRDDIKEYKFRETRLLQDYTELEEENISLQKQVSVLKQSQVEFEGLKHEIRRLEEDTQFLNSQLEDAIRLKEIADRQLSEALETIKTERELKASLRKELSHYMSIGDTLYHSPLSISLDGLKFSDDAATEPNNDEALHGYENGFIKLANAIADDDNRISTPKKEELFRPAPSLVDDLLSELNISEIQKLKQQLMQMEREKVNLLSTLQDSQKQLEQANGALCEHQEKVNRLTENLNAIRKLQASKERQSALDNEKERDSHEDGDYYEVDINGPEILECKYKVAVSEAGELKEELKTLKAEYQTCQSRYEEERNRLENDVTTLGEKLATLEKTSYVEREEKAKLEKELRKLSDVAGESQGSLSVAQDELVTFSEELATLYNHVCMCNNETPNRVMLDFYKEGKGGRSSPEGRGRRSPILLTKGLFPEPGRTDLSDGAPSPVSSLPSPVSDHRREPMNIYNLVAIIRDQIKHLQLAVDRTTELSRQRVASLELGTVADKDKEACMEEILKLKSLLSTKREQIATLRTVLKANKQTAEVALANLKSKYENEKAMVTETMMKLRNELKALKEDAATFSSLRAMFATRCDEYVTQLDEMQRQLAAAEDEKKTLNSLLRMAIQQKLALTQRLEDLEFDHEQTRRGGNAGRAKTRSKAASSTTNNPH	1	80	1	80	2.397E-35	138	1.000	0.097
ORYME05692	AF-A0A3Q1HHE1-F1-model_v4	0.900	80	8	MSVEEQSYTDAALLLEAGPEWLRAEIERLSRELTETTNEKIQAAEYGLVVLEEKQQLKQQYDDLEIEYDAVRQELDQVKE	MSVEEQGYPDAALLLEAGPEWLRAEIERLSRELSETTNEKIQAAEYGLAVLEEKQQLKQQYDDLEIDYEAVRQELDQLKDAFGQAYSNHRKVAADGESREESLIQESACKEAYYEQRVLELQTELRQTRNNLANTQSENERLNTISQDMRENSQVVELQRNQLRDDIKEYKFRETRLLQDYTELEEENISLQKQVSVLKQSQVEFEGLKHEIRRLEEDTQFLNSQLEDAIRLKEIADRQLSEALETIKTERELKASLRKELSHYMSIGDTLYHSPLSISLDGLKFSDDAATEPNNDEALHGYENGFIKLANAIADDDNRISTPKKEELFRPAPSLVDDLLSELNISEIQKLKQQLMQMEREKVNLLSTLQDSQKQLEQANGALCEHQEKVNRLTENLNAIRKLQASKERQSALDNEKERDSHEDGDYYEVDINGPEILECKYKVAVSEAGELKEELKTLKAEYQTCQSRYEEERNRLENDVTTLGEKLATLEKTSYVEREEKAKLEKELRKLSDVAGESQGSLSVAQDELVTFSEELATLYNHVCMCNNETPNRVMLDFYKEGKGGRSSPEGRGRRSPILLTKGLFPEPGRTDLSDGAPSPVSSLPSPVSDHRREPMNIYNLVAIIRDQIKHLQLAVDRTTELSRQRVASLELGTVADKDKEACMEEILKLKSLLSTKREQIATLRTVLKANKQTAEVALANLKSKYENEKAMVTETMMKLRNELKALKEDAATFSSLRAMFATRCDEYVTQLDEMQRQLAAAEDEKKTLNSLLRMAIQQKLALTQRLEDLEFDHEQTRRGGNAGRAKTRSKAASSTTNNPHIVSSLLPQHHHSPFN	1	80	1	80	2.397E-35	138	1.000	0.096
